mean_team_log,mean_team_nat,mean_year,mean_year_nat
0.9076197292514061,2.4784162052471945,6.244354838709677,2011.2443548387096
