Hypothesis,Estimate,Est.Error,CI.Lower,CI.Upper,Evid.Ratio,Post.Prob,Star
(exp(condition_fctexperiment))-(exp(condition_fctcontrol)) < 0,3.8974855507601576,3.709388782670785,-1.8541819129955726,10.175547554423506,0.16397497453804744,0.140875,
(exp(condition_fctexperiment:log_teamsize))-(exp(condition_fctcontrol:log_teamsize)) < 0,-0.4657510914405197,0.2888135734582075,-0.9503310380624884,-0.003538451050276275,19.565552699228792,0.951375,*
(exp(condition_fctexperiment:year_after_2005))-(exp(condition_fctcontrol:year_after_2005)) > 0,0.024427807778512563,0.036453124575414636,-0.034744128073792326,0.08445395013568477,3.056795131845842,0.7535000000000001,
