Hypothesis,Estimate,Est.Error,CI.Lower,CI.Upper,Evid.Ratio,Post.Prob,Star
(condition_fctexperiment)-(condition_fctcontrol) < 0,0.3712377725,0.3412682478950626,-0.18400350000000007,0.9292934999999998,0.16397497453804744,0.140875,
(condition_fctexperiment:log_teamsize)-(condition_fctcontrol:log_teamsize) < 0,-0.286908197243375,0.1722892011351137,-0.5671503500000001,-0.002220450000000107,19.565552699228792,0.951375,*
(condition_fctexperiment:year_after_2005)-(condition_fctcontrol:year_after_2005) > 0,0.0260557118426,0.03885384381225865,-0.037270534999999994,0.0902511435,3.056795131845842,0.7535000000000001,
