Hypothesis,Estimate,Est.Error,CI.Lower,CI.Upper,Evid.Ratio,Post.Prob,Star
(condition_fctexperiment)-(condition_fctcontrol) < 0,0.36258413125,0.34066842474013076,-0.19830000000000003,0.9236189999999994,0.17044623262618874,0.14562500000000003,
(condition_fctexperiment:log_teamsize)-(condition_fctcontrol:log_teamsize) < 0,-0.27999623792125,0.17228603594002898,-0.5673790999999999,-3.464500000001621e-4,19.050125313283207,0.950125,*
(condition_fctexperiment:year_after_2005)-(condition_fctcontrol:year_after_2005) > 0,0.0256174659056875,0.03793845350736888,-0.037474355,0.08753979999999993,3.155844155844156,0.7593750000000001,
