Hypothesis,Estimate,Est.Error,CI.Lower,CI.Upper,Evid.Ratio,Post.Prob,Star
(exp(condition_fctexperiment))-(exp(condition_fctcontrol)) < 0,3.8275496356822947,3.7419104123848372,-2.022775649986065,10.156007373209814,0.17044623262618874,0.14562500000000003,
(exp(condition_fctexperiment:log_teamsize))-(exp(condition_fctcontrol:log_teamsize)) < 0,-0.4535094291160471,0.2871998224290369,-0.9335836934857411,-6.057867746675342e-4,19.050125313283207,0.950125,*
(exp(condition_fctexperiment:year_after_2005))-(exp(condition_fctcontrol:year_after_2005)) > 0,0.024023347375514276,0.03557293006439543,-0.035340937434858874,0.0823753413277977,3.155844155844156,0.7593750000000001,
