max_rhat,min_tail,min_bulk,pareto_k
1.0054073415095595,180.75755435002796,107.88757541562629,74
