max_rhat,min_tail,min_bulk,pareto_k
1.0092108434665163,620.7699724581471,255.92178849614777,340
