max_rhat,min_tail,min_bulk,pareto_k
1.0033251548627617,831.135599740261,524.888894737905,6
