max_rhat,min_tail,min_bulk,pareto_k
1.0453282142926676,71.93918427319619,66.58346041685633,191
