max_rhat,min_tail,min_bulk,pareto_k
1.0011705249801905,1118.6898064373522,626.1746615069648,97
