max_rhat,min_tail,min_bulk,pareto_k
1.0149421725780914,425.8850556820284,207.37545278837962,834
