Hypothesis,Estimate,Est.Error,CI.Lower,CI.Upper,Evid.Ratio,Post.Prob,Star
(exp(condition_fctexperiment))-(exp(condition_fctcontrol)) < 0,-0.18664008815236877,1.452302687155126,-2.5915944117416108,2.20576678705449,1.232765838682668,0.5521250000000001,
(exp(condition_fctexperiment:log_teamsize))-(exp(condition_fctcontrol:log_teamsize)) < 0,-0.8932372811817799,0.2807061520084129,-1.3748099985164501,-0.4434288521131122,3999,0.99975,*
(exp(condition_fctexperiment:year_after_2005))-(exp(condition_fctcontrol:year_after_2005)) > 0,0.13386642432945806,0.030946935463663373,0.0828562688762281,0.1850139387917366,Inf,1,*
