Hypothesis,Estimate,Est.Error,CI.Lower,CI.Upper,Evid.Ratio,Post.Prob,Star
(condition_fctexperiment)-(condition_fctcontrol) < 0,-0.0218726775,0.2437973760101299,-0.41673799999999994,0.382252,1.1609940572663424,0.53725,
(condition_fctexperiment:log_teamsize)-(condition_fctcontrol:log_teamsize) < 0,-0.507335120345125,0.14438881255369504,-0.7454345349999999,-0.2694347000000001,2665.6666666666665,0.999625,*
(condition_fctexperiment:year_after_2005)-(condition_fctcontrol:year_after_2005) > 0,0.13333935269225,0.030735367037797563,0.08226143500000001,0.18253420999999995,Inf,1,*
