Hypothesis,Estimate,Est.Error,CI.Lower,CI.Upper,Evid.Ratio,Post.Prob,Star
(condition_fctexperiment)-(condition_fctcontrol) < 0,-0.0301322875,0.2473657658993251,-0.43880299999999994,0.37970649999999984,1.232765838682668,0.5521250000000001,
(condition_fctexperiment:log_teamsize)-(condition_fctcontrol:log_teamsize) < 0,-0.505136285554,0.14607644082311008,-0.7472153500000001,-0.2622054000000005,3999,0.99975,*
(condition_fctexperiment:year_after_2005)-(condition_fctcontrol:year_after_2005) > 0,0.133539067495875,0.030674169437944345,0.08299778,0.18385374999999998,Inf,1,*
