Hypothesis,Estimate,Est.Error,CI.Lower,CI.Upper,Evid.Ratio,Post.Prob,Star
(exp(condition_fctexperiment))-(exp(condition_fctcontrol)) < 0,2.7826736994167924,1.1242892052053002,0.9698644143463064,4.660022902448956,0.006289308176100629,0.00625,
(exp(condition_fctexperiment:log_teamsize))-(exp(condition_fctcontrol:log_teamsize)) < 0,-0.23555508532328373,0.19429157307250366,-0.5630750742928274,0.07462122054648986,8.019165727170236,0.8891249999999999,
(exp(condition_fctexperiment:year_after_2005))-(exp(condition_fctcontrol:year_after_2005)) > 0,0.012536473745266756,0.019626861351449035,-0.018772457706431767,0.04577456874024376,2.813155386081983,0.73775,
