Hypothesis,Estimate,Est.Error,CI.Lower,CI.Upper,Evid.Ratio,Post.Prob,Star
(exp(condition_fctexperiment))-(exp(condition_fctcontrol)) < 0,2.808686182289235,1.1088310660938752,1.0359003286082993,4.701002372568224,0.0032605969400551793,0.00325,
(exp(condition_fctexperiment:log_teamsize))-(exp(condition_fctcontrol:log_teamsize)) < 0,-0.24004191341843972,0.1957810417408963,-0.5670120196040003,0.07450018989720741,8.389671361502348,0.8935,
(exp(condition_fctexperiment:year_after_2005))-(exp(condition_fctcontrol:year_after_2005)) > 0,0.01235168995871225,0.019410565868523015,-0.019700661267581458,0.04405468530458861,2.7825059101654848,0.735625,
