Hypothesis,Estimate,Est.Error,CI.Lower,CI.Upper,Evid.Ratio,Post.Prob,Star
(condition_fctexperiment)-(condition_fctcontrol) < 0,0.452775445,0.17298637953344762,0.16868400000000017,0.7405335000000001,0.0032605969400551793,0.00325,
(condition_fctexperiment:log_teamsize)-(condition_fctcontrol:log_teamsize) < 0,-0.11932309825,0.09648307630670028,-0.27819125000000006,0.037956999999999935,8.389671361502348,0.8935,
(condition_fctexperiment:year_after_2005)-(condition_fctcontrol:year_after_2005) > 0,0.012669733127512624,0.019904064437104206,-0.020164585,0.04525572549999998,2.7825059101654848,0.735625,
