mean_team_log,mean_team_nat,mean_year,mean_year_nat
1.148476914049933,3.1533863717557957,5.771321070234114,2010.771321070234
