max_rhat,min_tail,min_bulk,pareto_k
1.0021123778949992,1114.468231128629,662.6624883010304,181
