max_rhat,min_tail,min_bulk,pareto_k
1.026596452445852,96.27654327655347,46.99701530854248,813
