max_rhat,min_tail,min_bulk,pareto_k
1.0275511932952572,368.2369734599117,143.5582521287607,1678
